Name,Company,Phobias
Trinity Delarosa,1.00,1.00
Maude Leon,2.00,2.00
Usamah Valentine,3.00,3.00
Brandon Franklin,4.00,4.00
Timur Piper,5.00,5.00
Kirstin Mcgill,6.00,6.00
Juliet Sharp,7.00,7.00
Rudi Benjamin,8.00,8.00
Tayah Klein,9.00,9.00
Reem Patton,10.00,10.00
Giacomo Herman,1.00,2.00
Idrees Bob,2.00,3.00
Keziah Banks,3.00,4.00
Ariya Gilmore,4.00,9.00
Markus Beil,5.00,5.00
Kaelan Stewart,6.00,1.00
Massimo Burgess,7.00,10.00
Ishaq Price,8.00,7.00
Jareth Whitehead,9.00,8.00
Anastazja Hooper,10.00,6.00
Zoey Shelton,7.00,8.00
Iwan Beasley,8.00,4.00
Arham Clemons,9.00,10.00
Pedro Barlow,11.00,9.00
Kathleen Power,12.00,3.00
Harvey-Lee Rogers,13.00,1.00
Alexia Berry,14.00,7.00
Silas Rankin,15.00,5.00
Roland Arellano,11.00,6.00
Hope Rooney,12.00,2.00
Madeleine O'Gallagher,13.00,1.00
Fiza Hanson,14.00,8.00
Diesel Rossi,15.00,3.00
Elisha Greenwood,1.00,7.00
Cari Calvert,2.00,6.00
Kieron Humphrey,3.00,5.00
Sanaa Cowan,4.00,9.00
Sylvie Curry,5.00,10.00
Callam Stanton,6.00,2.00
Angel Hail,8.00,4.00
Jaime Partridge,9.00,4.00
Lennie Powers,10.00,8.00
Addie Currie,7.00,7.00
Hafsa Newton,9.00,9.00
Maureen Webb,10.00,1.00
Hasan Shannon,1.00,2.00
Mina Miles,16.00,5.00
Manveer Moreno,11.00,10.00
Amaan Rahman,12.00,6.00
Maxwell Barrett,13.00,3.00
Demi Combs,14.00,10.00
Kameron Mcbride,15.00,6.00
Cain Albert,8.00,2.00
Millicent Schmidt,9.00,4.00
Aniyah Holding,10.00,1.00
Christine Edwards,7.00,5.00
Zakariah Madden,16.00,7.00
Ayisha Juarez,11.00,8.00
Annaliese Dalby,12.00,9.00
Dayna Novak,13.00,3.00
Issa Valenzuela,14.00,10.00
Luna Larson,15.00,6.00
Kyle Nolan,11.00,2.00
Isabelle Roberson,12.00,4.00
Keiren Tran,13.00,1.00
Aminah Mccann,14.00,5.00
Zain Hogg,15.00,7.00
Tamsin William,12.00,8.00
Roksana Hough,13.00,9.00
Ciaran Mcgregor,14.00,3.00
Nafeesa Best,15.00,9.00
Kristie Driscoll,8.00,5.00
Wiktor Richardson,9.00,8.00
Chandler Mullins,10.00,2.00
Dorian Marin,7.00,10.00
Asia Mcnamara,16.00,4.00
Joseph Dunkley,11.00,6.00
Danni Firth,12.00,7.00
Husna Mcdowell,13.00,1.00
Lesley Lancaster,14.00,3.00
Cadence Hewitt,15.00,7.00
Vivian Rennie,11.00,4.00
Ebony Parry,12.00,9.00
Keyan Munoz,14.00,3.00
Ayaana Higgs,15.00,6.00
Gruffydd Lewis,11.00,2.00
Aliyah Alford,12.00,10.00
Larissa Delacruz,13.00,1.00
Carolina Herbert,14.00,8.00
Mollie Powell,15.00,5.00
Kira Bass,1.00,6.00
Jacques Sellers,2.00,2.00
Syeda Portillo,3.00,9.00
Aidan Esquivel,4.00,10.00
Kayla Gibbs,5.00,7.00
Donna Hutchings,6.00,4.00
Alexander Kane,8.00,5.00
Graham Kouma,9.00,3.00
Humaira Gillespie,10.00,8.00
Gideon Cannon,7.00,1.00
